LSOA code (2011),LSOA name (2011),Local Authority District code (2019),Local Authority District name (2019),Index of Multiple Deprivation (IMD) Rank,Index of Multiple Deprivation (IMD) Decile
E01019886,East Devon 005A,E07000040,East Devon,"14,730",5
E01019887,East Devon 005B,E07000040,East Devon,"13,255",5
E01019888,East Devon 005C,E07000040,East Devon,"17,779",6
E01019889,East Devon 005D,E07000040,East Devon,"24,605",8
E01019890,East Devon 009A,E07000040,East Devon,"25,883",8
E01019891,East Devon 006A,E07000040,East Devon,"17,494",6
E01019892,East Devon 006B,E07000040,East Devon,"19,012",6
E01019893,East Devon 006C,E07000040,East Devon,"20,288",7
E01019894,East Devon 017A,E07000040,East Devon,"29,442",9
E01019895,East Devon 017B,E07000040,East Devon,"29,782",10
E01019896,East Devon 017C,E07000040,East Devon,"28,408",9
E01019897,East Devon 017D,E07000040,East Devon,"17,426",6
E01019898,East Devon 014A,E07000040,East Devon,"24,254",8
E01019899,East Devon 007A,E07000040,East Devon,"21,143",7
E01019900,East Devon 007B,E07000040,East Devon,"26,482",9
E01019901,East Devon 009B,E07000040,East Devon,"14,049",5
E01019902,East Devon 001A,E07000040,East Devon,"18,065",6
E01019903,East Devon 006D,E07000040,East Devon,"19,145",6
E01019904,East Devon 015A,E07000040,East Devon,"15,206",5
E01019905,East Devon 015B,E07000040,East Devon,"32,202",10
E01019906,East Devon 015C,E07000040,East Devon,"28,700",9
E01019907,East Devon 015D,E07000040,East Devon,"28,665",9
E01019908,East Devon 016A,E07000040,East Devon,"21,757",7
E01019909,East Devon 016B,E07000040,East Devon,"30,838",10
E01019910,East Devon 016C,E07000040,East Devon,"26,107",8
E01019911,East Devon 016D,E07000040,East Devon,"28,174",9
E01019912,East Devon 020A,E07000040,East Devon,"20,829",7
E01019913,East Devon 020B,E07000040,East Devon,"26,060",8
E01019914,East Devon 020C,E07000040,East Devon,"6,745",3
E01019915,East Devon 020D,E07000040,East Devon,"25,806",8
E01019916,East Devon 019A,E07000040,East Devon,"11,616",4
E01019917,East Devon 019B,E07000040,East Devon,"17,907",6
E01019918,East Devon 019C,E07000040,East Devon,"11,927",4
E01019919,East Devon 019D,E07000040,East Devon,"12,577",4
E01019920,East Devon 018A,E07000040,East Devon,"20,255",7
E01019921,East Devon 018B,E07000040,East Devon,"25,799",8
E01019922,East Devon 018C,E07000040,East Devon,"10,143",4
E01019923,East Devon 018D,E07000040,East Devon,"14,799",5
E01019924,East Devon 018E,E07000040,East Devon,"17,190",6
E01019925,East Devon 004A,E07000040,East Devon,"29,517",9
E01019927,East Devon 002A,E07000040,East Devon,"11,056",4
E01019928,East Devon 003A,E07000040,East Devon,"19,116",6
E01019929,East Devon 003B,E07000040,East Devon,"24,895",8
E01019930,East Devon 003C,E07000040,East Devon,"26,287",9
E01019931,East Devon 003D,E07000040,East Devon,"31,871",10
E01019932,East Devon 002B,E07000040,East Devon,"11,603",4
E01019933,East Devon 002C,E07000040,East Devon,"18,493",6
E01019934,East Devon 002D,E07000040,East Devon,"22,304",7
E01019935,East Devon 007C,E07000040,East Devon,"18,734",6
E01019936,East Devon 007D,E07000040,East Devon,"17,354",6
E01019937,East Devon 013A,E07000040,East Devon,"27,685",9
E01019938,East Devon 001B,E07000040,East Devon,"15,649",5
E01019939,East Devon 008A,E07000040,East Devon,"27,420",9
E01019940,East Devon 008B,E07000040,East Devon,"28,956",9
E01019942,East Devon 008C,E07000040,East Devon,"19,675",6
E01019943,East Devon 008D,E07000040,East Devon,"30,829",10
E01019944,East Devon 008E,E07000040,East Devon,"28,301",9
E01019945,East Devon 013B,E07000040,East Devon,"17,007",6
E01019946,East Devon 010A,E07000040,East Devon,"25,360",8
E01019947,East Devon 010B,E07000040,East Devon,"15,548",5
E01019948,East Devon 010C,E07000040,East Devon,"23,535",8
E01019949,East Devon 010D,E07000040,East Devon,"28,437",9
E01019950,East Devon 010E,E07000040,East Devon,"15,953",5
E01019951,East Devon 009C,E07000040,East Devon,"26,767",9
E01019952,East Devon 011A,E07000040,East Devon,"26,960",9
E01019953,East Devon 011B,E07000040,East Devon,"23,972",8
E01019954,East Devon 011C,E07000040,East Devon,"16,908",6
E01019955,East Devon 011D,E07000040,East Devon,"17,985",6
E01019956,East Devon 012A,E07000040,East Devon,"27,792",9
E01019957,East Devon 012B,E07000040,East Devon,"30,085",10
E01019958,East Devon 012C,E07000040,East Devon,"27,242",9
E01019959,East Devon 004D,E07000040,East Devon,"17,360",6
E01019960,East Devon 004E,E07000040,East Devon,"22,039",7
E01019961,East Devon 007E,E07000040,East Devon,"24,023",8
E01019962,East Devon 004F,E07000040,East Devon,"25,183",8
E01019963,East Devon 013C,E07000040,East Devon,"31,864",10
E01019964,East Devon 014B,E07000040,East Devon,"27,639",9
E01019965,East Devon 014C,E07000040,East Devon,"26,671",9
E01019966,East Devon 005E,E07000040,East Devon,"22,812",7
E01019967,East Devon 001C,E07000040,East Devon,"16,763",6
E01019968,Exeter 014A,E07000041,Exeter,"26,754",9
E01019969,Exeter 014B,E07000041,Exeter,"22,269",7
E01019970,Exeter 014C,E07000041,Exeter,"26,881",9
E01019971,Exeter 014D,E07000041,Exeter,"17,673",6
E01019972,Exeter 014E,E07000041,Exeter,"13,796",5
E01019973,Exeter 012A,E07000041,Exeter,"21,508",7
E01019974,Exeter 012B,E07000041,Exeter,"19,061",6
E01019975,Exeter 010A,E07000041,Exeter,"7,783",3
E01019976,Exeter 012C,E07000041,Exeter,"25,912",8
E01019977,Exeter 012D,E07000041,Exeter,"20,992",7
E01019980,Exeter 005A,E07000041,Exeter,"12,967",4
E01019981,Exeter 012E,E07000041,Exeter,"14,017",5
E01019982,Exeter 005B,E07000041,Exeter,"17,412",6
E01019983,Exeter 005C,E07000041,Exeter,"25,813",8
E01019984,Exeter 005D,E07000041,Exeter,"28,554",9
E01019985,Exeter 005E,E07000041,Exeter,"7,128",3
E01019986,Exeter 007A,E07000041,Exeter,"30,264",10
E01019987,Exeter 006A,E07000041,Exeter,"20,506",7
E01019988,Exeter 013A,E07000041,Exeter,"25,363",8
E01019989,Exeter 006B,E07000041,Exeter,"26,823",9
E01019990,Exeter 002A,E07000041,Exeter,"5,792",2
E01019991,Exeter 002B,E07000041,Exeter,"8,835",3
E01019992,Exeter 003A,E07000041,Exeter,"13,633",5
E01019993,Exeter 002C,E07000041,Exeter,"28,257",9
E01019994,Exeter 008A,E07000041,Exeter,"16,010",5
E01019995,Exeter 008B,E07000041,Exeter,"5,708",2
E01019996,Exeter 009A,E07000041,Exeter,"21,566",7
E01019997,Exeter 004A,E07000041,Exeter,"21,190",7
E01019998,Exeter 001C,E07000041,Exeter,"28,991",9
E01019999,Exeter 001D,E07000041,Exeter,"30,457",10
E01020000,Exeter 002D,E07000041,Exeter,"11,226",4
E01020001,Exeter 001E,E07000041,Exeter,"31,643",10
E01020002,Exeter 003B,E07000041,Exeter,"16,285",5
E01020003,Exeter 003C,E07000041,Exeter,"25,854",8
E01020004,Exeter 003D,E07000041,Exeter,"31,397",10
E01020005,Exeter 003E,E07000041,Exeter,"7,021",3
E01020006,Exeter 006C,E07000041,Exeter,"16,998",6
E01020007,Exeter 002E,E07000041,Exeter,"17,796",6
E01020008,Exeter 006D,E07000041,Exeter,"23,605",8
E01020009,Exeter 006E,E07000041,Exeter,"23,253",8
E01020010,Exeter 013B,E07000041,Exeter,"8,906",3
E01020011,Exeter 015A,E07000041,Exeter,"25,560",8
E01020012,Exeter 015B,E07000041,Exeter,"9,970",4
E01020013,Exeter 013C,E07000041,Exeter,"14,375",5
E01020014,Exeter 013D,E07000041,Exeter,"5,662",2
E01020015,Exeter 013E,E07000041,Exeter,"3,556",2
E01020016,Exeter 008C,E07000041,Exeter,"5,374",2
E01020017,Exeter 008D,E07000041,Exeter,"14,716",5
E01020018,Exeter 008E,E07000041,Exeter,"9,203",3
E01020019,Exeter 004B,E07000041,Exeter,"27,981",9
E01020020,Exeter 004C,E07000041,Exeter,"17,188",6
E01020021,Exeter 004D,E07000041,Exeter,"21,193",7
E01020022,Exeter 004E,E07000041,Exeter,"10,997",4
E01020023,Exeter 009B,E07000041,Exeter,"26,932",9
E01020024,Exeter 009C,E07000041,Exeter,"31,519",10
E01020025,Exeter 009D,E07000041,Exeter,"19,618",6
E01020026,Exeter 011A,E07000041,Exeter,"29,869",10
E01020027,Exeter 011B,E07000041,Exeter,"24,460",8
E01020029,Exeter 010B,E07000041,Exeter,"19,807",7
E01020030,Exeter 010C,E07000041,Exeter,"14,140",5
E01020031,Exeter 010D,E07000041,Exeter,"20,487",7
E01020032,Exeter 010E,E07000041,Exeter,"11,492",4
E01020033,Exeter 015C,E07000041,Exeter,"17,593",6
E01020035,Exeter 011D,E07000041,Exeter,"26,579",9
E01020036,Exeter 007B,E07000041,Exeter,"15,892",5
E01020037,Exeter 007C,E07000041,Exeter,"7,475",3
E01020038,Exeter 011E,E07000041,Exeter,"27,291",9
E01020039,Exeter 007D,E07000041,Exeter,"5,897",2
E01020040,Exeter 007E,E07000041,Exeter,"16,149",5
E01020041,Mid Devon 011A,E07000042,Mid Devon,"12,838",4
E01020042,Mid Devon 011B,E07000042,Mid Devon,"28,993",9
E01020043,Mid Devon 008A,E07000042,Mid Devon,"21,998",7
E01020044,Mid Devon 008B,E07000042,Mid Devon,"19,349",6
E01020045,Mid Devon 006A,E07000042,Mid Devon,"16,627",6
E01020046,Mid Devon 001A,E07000042,Mid Devon,"14,903",5
E01020047,Mid Devon 002A,E07000042,Mid Devon,"22,146",7
E01020048,Mid Devon 005A,E07000042,Mid Devon,"10,179",4
E01020049,Mid Devon 001B,E07000042,Mid Devon,"14,707",5
E01020050,Mid Devon 001C,E07000042,Mid Devon,"13,825",5
E01020051,Mid Devon 002B,E07000042,Mid Devon,"25,894",8
E01020052,Mid Devon 004A,E07000042,Mid Devon,"12,332",4
E01020053,Mid Devon 004B,E07000042,Mid Devon,"11,659",4
E01020054,Mid Devon 007A,E07000042,Mid Devon,"26,629",9
E01020055,Mid Devon 007B,E07000042,Mid Devon,"13,938",5
E01020056,Mid Devon 008C,E07000042,Mid Devon,"17,869",6
E01020057,Mid Devon 007C,E07000042,Mid Devon,"15,457",5
E01020058,Mid Devon 007D,E07000042,Mid Devon,"28,834",9
E01020059,Mid Devon 006B,E07000042,Mid Devon,"19,447",6
E01020060,Mid Devon 011C,E07000042,Mid Devon,"15,349",5
E01020061,Mid Devon 011D,E07000042,Mid Devon,"24,215",8
E01020062,Mid Devon 006C,E07000042,Mid Devon,"32,229",10
E01020063,Mid Devon 003A,E07000042,Mid Devon,"21,482",7
E01020064,Mid Devon 006D,E07000042,Mid Devon,"19,760",7
E01020065,Mid Devon 004C,E07000042,Mid Devon,"14,245",5
E01020066,Mid Devon 002C,E07000042,Mid Devon,"24,973",8
E01020067,Mid Devon 004D,E07000042,Mid Devon,"7,951",3
E01020068,Mid Devon 010A,E07000042,Mid Devon,"13,279",5
E01020069,Mid Devon 010B,E07000042,Mid Devon,"14,924",5
E01020070,Mid Devon 010C,E07000042,Mid Devon,"15,839",5
E01020071,Mid Devon 008D,E07000042,Mid Devon,"20,624",7
E01020072,Mid Devon 009A,E07000042,Mid Devon,"14,304",5
E01020073,Mid Devon 009B,E07000042,Mid Devon,"10,237",4
E01020074,Mid Devon 003B,E07000042,Mid Devon,"19,103",6
E01020075,Mid Devon 003C,E07000042,Mid Devon,"23,111",8
E01020076,Mid Devon 009C,E07000042,Mid Devon,"14,913",5
E01020077,Mid Devon 001D,E07000042,Mid Devon,"15,044",5
E01020078,Mid Devon 005B,E07000042,Mid Devon,"8,009",3
E01020079,Mid Devon 005C,E07000042,Mid Devon,"7,072",3
E01020080,Mid Devon 002D,E07000042,Mid Devon,"22,318",7
E01020081,Mid Devon 005D,E07000042,Mid Devon,"11,197",4
E01020082,Mid Devon 009D,E07000042,Mid Devon,"16,935",6
E01020083,Mid Devon 010D,E07000042,Mid Devon,"16,404",5
E01020084,North Devon 012A,E07000043,North Devon,"16,234",5
E01020085,North Devon 012B,E07000043,North Devon,"21,447",7
E01020086,North Devon 012C,E07000043,North Devon,"26,013",8
E01020087,North Devon 014A,E07000043,North Devon,"12,543",4
E01020088,North Devon 006A,E07000043,North Devon,"13,443",5
E01020089,North Devon 005A,E07000043,North Devon,"28,255",9
E01020090,North Devon 004A,E07000043,North Devon,"28,233",9
E01020091,North Devon 005B,E07000043,North Devon,"28,295",9
E01020092,North Devon 005C,E07000043,North Devon,"27,469",9
E01020093,North Devon 005D,E07000043,North Devon,"17,065",6
E01020094,North Devon 008A,E07000043,North Devon,"2,291",1
E01020095,North Devon 008B,E07000043,North Devon,"8,311",3
E01020096,North Devon 009A,E07000043,North Devon,"8,682",3
E01020097,North Devon 013A,E07000043,North Devon,"13,309",5
E01020098,North Devon 014B,E07000043,North Devon,"12,750",4
E01020099,North Devon 002A,E07000043,North Devon,"17,596",6
E01020100,North Devon 002B,E07000043,North Devon,"10,462",4
E01020101,North Devon 002C,E07000043,North Devon,"14,588",5
E01020102,North Devon 010A,E07000043,North Devon,"24,943",8
E01020103,North Devon 010B,E07000043,North Devon,"2,896",1
E01020104,North Devon 010C,E07000043,North Devon,"7,741",3
E01020105,North Devon 011A,E07000043,North Devon,"22,666",7
E01020106,North Devon 011B,E07000043,North Devon,"19,704",6
E01020107,North Devon 011C,E07000043,North Devon,"25,588",8
E01020108,North Devon 004B,E07000043,North Devon,"21,565",7
E01020109,North Devon 004C,E07000043,North Devon,"21,464",7
E01020110,North Devon 005E,E07000043,North Devon,"23,355",8
E01020111,North Devon 001A,E07000043,North Devon,"4,381",2
E01020112,North Devon 001B,E07000043,North Devon,"1,469",1
E01020113,North Devon 003A,E07000043,North Devon,"4,820",2
E01020114,North Devon 001C,E07000043,North Devon,"8,599",3
E01020115,North Devon 001D,E07000043,North Devon,"15,418",5
E01020116,North Devon 003B,E07000043,North Devon,"12,145",4
E01020117,North Devon 003C,E07000043,North Devon,"15,587",5
E01020118,North Devon 003D,E07000043,North Devon,"8,993",3
E01020119,North Devon 011D,E07000043,North Devon,"15,644",5
E01020120,North Devon 006B,E07000043,North Devon,"23,893",8
E01020121,North Devon 012D,E07000043,North Devon,"18,768",6
E01020122,North Devon 012E,E07000043,North Devon,"15,048",5
E01020123,North Devon 009B,E07000043,North Devon,"12,681",4
E01020124,North Devon 009C,E07000043,North Devon,"19,203",6
E01020125,North Devon 009D,E07000043,North Devon,"28,881",9
E01020126,North Devon 002D,E07000043,North Devon,"10,194",4
E01020127,North Devon 006C,E07000043,North Devon,"14,073",5
E01020128,North Devon 010D,E07000043,North Devon,"24,951",8
E01020129,North Devon 010E,E07000043,North Devon,"12,460",4
E01020130,North Devon 010F,E07000043,North Devon,"11,950",4
E01020131,North Devon 013B,E07000043,North Devon,"9,842",3
E01020132,North Devon 007A,E07000043,North Devon,"20,844",7
E01020133,North Devon 007B,E07000043,North Devon,"25,814",8
E01020134,North Devon 007C,E07000043,North Devon,"10,319",4
E01020135,North Devon 013C,E07000043,North Devon,"10,643",4
E01020136,North Devon 013D,E07000043,North Devon,"20,057",7
E01020137,North Devon 013E,E07000043,North Devon,"14,991",5
E01020138,North Devon 014C,E07000043,North Devon,"10,100",4
E01020139,North Devon 007D,E07000043,North Devon,"5,690",2
E01020140,North Devon 008C,E07000043,North Devon,"12,634",4
E01020141,North Devon 008D,E07000043,North Devon,"6,180",2
E01020142,South Hams 006A,E07000044,South Hams,"16,934",6
E01020143,South Hams 006B,E07000044,South Hams,"17,780",6
E01020144,South Hams 001A,E07000044,South Hams,"32,026",10
E01020145,South Hams 001B,E07000044,South Hams,"21,050",7
E01020146,South Hams 001C,E07000044,South Hams,"29,187",9
E01020147,South Hams 008A,E07000044,South Hams,"16,104",5
E01020148,South Hams 002A,E07000044,South Hams,"16,115",5
E01020149,South Hams 001D,E07000044,South Hams,"12,742",4
E01020150,South Hams 006C,E07000044,South Hams,"18,269",6
E01020151,South Hams 007A,E07000044,South Hams,"29,224",9
E01020152,South Hams 007B,E07000044,South Hams,"19,104",6
E01020153,South Hams 004A,E07000044,South Hams,"17,202",6
E01020154,South Hams 007C,E07000044,South Hams,"21,139",7
E01020155,South Hams 007D,E07000044,South Hams,"9,296",3
E01020156,South Hams 004B,E07000044,South Hams,"23,237",8
E01020157,South Hams 002B,E07000044,South Hams,"13,244",5
E01020158,South Hams 008B,E07000044,South Hams,"26,777",9
E01020159,South Hams 008C,E07000044,South Hams,"17,339",6
E01020160,South Hams 002C,E07000044,South Hams,"19,328",6
E01020161,South Hams 005A,E07000044,South Hams,"18,434",6
E01020162,South Hams 005B,E07000044,South Hams,"28,871",9
E01020163,South Hams 005C,E07000044,South Hams,"29,749",10
E01020164,South Hams 005D,E07000044,South Hams,"21,980",7
E01020165,South Hams 005E,E07000044,South Hams,"31,264",10
E01020166,South Hams 005F,E07000044,South Hams,"30,101",10
E01020167,South Hams 005G,E07000044,South Hams,"32,466",10
E01020168,South Hams 010A,E07000044,South Hams,"20,966",7
E01020169,South Hams 010B,E07000044,South Hams,"23,467",8
E01020170,South Hams 004C,E07000044,South Hams,"24,674",8
E01020171,South Hams 009A,E07000044,South Hams,"28,219",9
E01020172,South Hams 012A,E07000044,South Hams,"19,560",6
E01020173,South Hams 012B,E07000044,South Hams,"27,399",9
E01020174,South Hams 011A,E07000044,South Hams,"14,791",5
E01020175,South Hams 011B,E07000044,South Hams,"17,205",6
E01020176,South Hams 002D,E07000044,South Hams,"22,004",7
E01020177,South Hams 002E,E07000044,South Hams,"14,792",5
E01020178,South Hams 011C,E07000044,South Hams,"19,888",7
E01020179,South Hams 012C,E07000044,South Hams,"18,949",6
E01020180,South Hams 003A,E07000044,South Hams,"12,624",4
E01020181,South Hams 003B,E07000044,South Hams,"17,792",6
E01020182,South Hams 003C,E07000044,South Hams,"15,986",5
E01020183,South Hams 003D,E07000044,South Hams,"15,080",5
E01020184,South Hams 003E,E07000044,South Hams,"14,439",5
E01020185,South Hams 009B,E07000044,South Hams,"29,260",9
E01020186,South Hams 009C,E07000044,South Hams,"28,017",9
E01020187,South Hams 009D,E07000044,South Hams,"19,157",6
E01020188,South Hams 004D,E07000044,South Hams,"17,489",6
E01020189,South Hams 010C,E07000044,South Hams,"10,891",4
E01020190,South Hams 008D,E07000044,South Hams,"26,072",8
E01020191,Teignbridge 013A,E07000045,Teignbridge,"16,006",5
E01020192,Teignbridge 019A,E07000045,Teignbridge,"29,472",9
E01020193,Teignbridge 019B,E07000045,Teignbridge,"20,819",7
E01020194,Teignbridge 013B,E07000045,Teignbridge,"30,496",10
E01020195,Teignbridge 017A,E07000045,Teignbridge,"15,566",5
E01020196,Teignbridge 017B,E07000045,Teignbridge,"14,847",5
E01020197,Teignbridge 017C,E07000045,Teignbridge,"24,517",8
E01020198,Teignbridge 017D,E07000045,Teignbridge,"10,227",4
E01020199,Teignbridge 017E,E07000045,Teignbridge,"15,035",5
E01020200,Teignbridge 011A,E07000045,Teignbridge,"29,625",10
E01020201,Teignbridge 011B,E07000045,Teignbridge,"28,320",9
E01020202,Teignbridge 007A,E07000045,Teignbridge,"22,077",7
E01020203,Teignbridge 004A,E07000045,Teignbridge,"30,659",10
E01020204,Teignbridge 007B,E07000045,Teignbridge,"18,000",6
E01020205,Teignbridge 003A,E07000045,Teignbridge,"20,742",7
E01020206,Teignbridge 004B,E07000045,Teignbridge,"21,570",7
E01020207,Teignbridge 013C,E07000045,Teignbridge,"15,801",5
E01020208,Teignbridge 012A,E07000045,Teignbridge,"12,809",4
E01020209,Teignbridge 012B,E07000045,Teignbridge,"19,802",7
E01020210,Teignbridge 012C,E07000045,Teignbridge,"27,958",9
E01020211,Teignbridge 014A,E07000045,Teignbridge,"6,339",2
E01020212,Teignbridge 016A,E07000045,Teignbridge,"7,165",3
E01020213,Teignbridge 016B,E07000045,Teignbridge,"15,056",5
E01020214,Teignbridge 016C,E07000045,Teignbridge,"21,076",7
E01020215,Teignbridge 016D,E07000045,Teignbridge,"28,142",9
E01020216,Teignbridge 015A,E07000045,Teignbridge,"6,522",2
E01020217,Teignbridge 014B,E07000045,Teignbridge,"11,518",4
E01020218,Teignbridge 014C,E07000045,Teignbridge,"8,303",3
E01020219,Teignbridge 012D,E07000045,Teignbridge,"20,125",7
E01020220,Teignbridge 004C,E07000045,Teignbridge,"18,969",6
E01020221,Teignbridge 004D,E07000045,Teignbridge,"18,876",6
E01020222,Teignbridge 004E,E07000045,Teignbridge,"31,421",10
E01020223,Teignbridge 004F,E07000045,Teignbridge,"17,318",6
E01020224,Teignbridge 014D,E07000045,Teignbridge,"15,378",5
E01020225,Teignbridge 015B,E07000045,Teignbridge,"9,574",3
E01020226,Teignbridge 015C,E07000045,Teignbridge,"19,520",6
E01020227,Teignbridge 015D,E07000045,Teignbridge,"19,965",7
E01020228,Teignbridge 006A,E07000045,Teignbridge,"9,116",3
E01020229,Teignbridge 005A,E07000045,Teignbridge,"9,319",3
E01020230,Teignbridge 005B,E07000045,Teignbridge,"15,861",5
E01020231,Teignbridge 005C,E07000045,Teignbridge,"18,779",6
E01020232,Teignbridge 005D,E07000045,Teignbridge,"17,310",6
E01020233,Teignbridge 006B,E07000045,Teignbridge,"22,981",7
E01020234,Teignbridge 006C,E07000045,Teignbridge,"11,125",4
E01020235,Teignbridge 006D,E07000045,Teignbridge,"13,823",5
E01020236,Teignbridge 007C,E07000045,Teignbridge,"29,432",9
E01020237,Teignbridge 007D,E07000045,Teignbridge,"18,144",6
E01020238,Teignbridge 019C,E07000045,Teignbridge,"27,439",9
E01020239,Teignbridge 019D,E07000045,Teignbridge,"28,592",9
E01020240,Teignbridge 002A,E07000045,Teignbridge,"23,786",8
E01020241,Teignbridge 002B,E07000045,Teignbridge,"18,426",6
E01020242,Teignbridge 002C,E07000045,Teignbridge,"31,322",10
E01020243,Teignbridge 001A,E07000045,Teignbridge,"19,093",6
E01020244,Teignbridge 002D,E07000045,Teignbridge,"20,397",7
E01020245,Teignbridge 002E,E07000045,Teignbridge,"21,279",7
E01020246,Teignbridge 018A,E07000045,Teignbridge,"17,729",6
E01020247,Teignbridge 018B,E07000045,Teignbridge,"14,614",5
E01020248,Teignbridge 018C,E07000045,Teignbridge,"28,067",9
E01020249,Teignbridge 018D,E07000045,Teignbridge,"24,901",8
E01020250,Teignbridge 009A,E07000045,Teignbridge,"23,436",8
E01020251,Teignbridge 011C,E07000045,Teignbridge,"21,682",7
E01020252,Teignbridge 009B,E07000045,Teignbridge,"11,476",4
E01020253,Teignbridge 009C,E07000045,Teignbridge,"30,287",10
E01020254,Teignbridge 009D,E07000045,Teignbridge,"10,989",4
E01020255,Teignbridge 009E,E07000045,Teignbridge,"17,938",6
E01020256,Teignbridge 013D,E07000045,Teignbridge,"16,712",6
E01020257,Teignbridge 009F,E07000045,Teignbridge,"28,412",9
E01020258,Teignbridge 003B,E07000045,Teignbridge,"20,337",7
E01020259,Teignbridge 003C,E07000045,Teignbridge,"14,983",5
E01020260,Teignbridge 011D,E07000045,Teignbridge,"26,516",9
E01020261,Teignbridge 011E,E07000045,Teignbridge,"24,072",8
E01020262,Teignbridge 001B,E07000045,Teignbridge,"12,472",4
E01020263,Teignbridge 001C,E07000045,Teignbridge,"21,259",7
E01020264,Teignbridge 010A,E07000045,Teignbridge,"8,287",3
E01020265,Teignbridge 008A,E07000045,Teignbridge,"27,771",9
E01020266,Teignbridge 008B,E07000045,Teignbridge,"26,087",8
E01020267,Teignbridge 008C,E07000045,Teignbridge,"22,955",7
E01020268,Teignbridge 008D,E07000045,Teignbridge,"25,543",8
E01020269,Teignbridge 010B,E07000045,Teignbridge,"5,394",2
E01020270,Teignbridge 008E,E07000045,Teignbridge,"28,159",9
E01020271,Teignbridge 010C,E07000045,Teignbridge,"12,347",4
E01020272,Teignbridge 010D,E07000045,Teignbridge,"8,288",3
E01020273,Teignbridge 003D,E07000045,Teignbridge,"22,431",7
E01020274,Teignbridge 001D,E07000045,Teignbridge,"17,904",6
E01020275,Torridge 001A,E07000046,Torridge,"13,129",4
E01020276,Torridge 001B,E07000046,Torridge,"17,044",6
E01020277,Torridge 004A,E07000046,Torridge,"5,207",2
E01020278,Torridge 004B,E07000046,Torridge,"13,195",5
E01020279,Torridge 004C,E07000046,Torridge,"13,687",5
E01020280,Torridge 003A,E07000046,Torridge,"3,767",2
E01020281,Torridge 003B,E07000046,Torridge,"21,758",7
E01020282,Torridge 003C,E07000046,Torridge,"7,411",3
E01020283,Torridge 004D,E07000046,Torridge,"16,628",6
E01020284,Torridge 004E,E07000046,Torridge,"11,962",4
E01020285,Torridge 004F,E07000046,Torridge,"8,596",3
E01020286,Torridge 009A,E07000046,Torridge,"7,803",3
E01020287,Torridge 007A,E07000046,Torridge,"9,902",4
E01020288,Torridge 005A,E07000046,Torridge,"11,487",4
E01020289,Torridge 009B,E07000046,Torridge,"11,017",4
E01020290,Torridge 009C,E07000046,Torridge,"10,141",4
E01020291,Torridge 008A,E07000046,Torridge,"12,600",4
E01020292,Torridge 005B,E07000046,Torridge,"11,343",4
E01020293,Torridge 008B,E07000046,Torridge,"9,851",3
E01020294,Torridge 008C,E07000046,Torridge,"6,946",3
E01020295,Torridge 005C,E07000046,Torridge,"14,275",5
E01020296,Torridge 005D,E07000046,Torridge,"15,205",5
E01020297,Torridge 001C,E07000046,Torridge,"6,707",3
E01020298,Torridge 002A,E07000046,Torridge,"21,094",7
E01020299,Torridge 001D,E07000046,Torridge,"16,535",6
E01020300,Torridge 002B,E07000046,Torridge,"25,242",8
E01020301,Torridge 009D,E07000046,Torridge,"11,712",4
E01020302,Torridge 008D,E07000046,Torridge,"10,739",4
E01020303,Torridge 007B,E07000046,Torridge,"12,222",4
E01020304,Torridge 006A,E07000046,Torridge,"19,968",7
E01020305,Torridge 006B,E07000046,Torridge,"14,038",5
E01020306,Torridge 006C,E07000046,Torridge,"26,139",8
E01020307,Torridge 006D,E07000046,Torridge,"11,759",4
E01020308,Torridge 007C,E07000046,Torridge,"15,108",5
E01020309,Torridge 008E,E07000046,Torridge,"10,477",4
E01020310,Torridge 002C,E07000046,Torridge,"10,680",4
E01020311,Torridge 007D,E07000046,Torridge,"12,216",4
E01020312,West Devon 007A,E07000047,West Devon,"19,080",6
E01020313,West Devon 007B,E07000047,West Devon,"9,941",4
E01020314,West Devon 004A,E07000047,West Devon,"11,762",4
E01020315,West Devon 007C,E07000047,West Devon,"18,080",6
E01020316,West Devon 007D,E07000047,West Devon,"26,608",9
E01020317,West Devon 006A,E07000047,West Devon,"20,801",7
E01020318,West Devon 003A,E07000047,West Devon,"20,898",7
E01020319,West Devon 003B,E07000047,West Devon,"14,912",5
E01020320,West Devon 001A,E07000047,West Devon,"11,442",4
E01020321,West Devon 001B,E07000047,West Devon,"10,943",4
E01020322,West Devon 001C,E07000047,West Devon,"13,336",5
E01020323,West Devon 003C,E07000047,West Devon,"10,355",4
E01020324,West Devon 006B,E07000047,West Devon,"13,961",5
E01020325,West Devon 004B,E07000047,West Devon,"12,341",4
E01020326,West Devon 001D,E07000047,West Devon,"17,975",6
E01020327,West Devon 002A,E07000047,West Devon,"18,273",6
E01020328,West Devon 002B,E07000047,West Devon,"15,226",5
E01020329,West Devon 002C,E07000047,West Devon,"17,662",6
E01020330,West Devon 002D,E07000047,West Devon,"13,311",5
E01020331,West Devon 004C,E07000047,West Devon,"13,194",5
E01020332,West Devon 005A,E07000047,West Devon,"15,326",5
E01020333,West Devon 005B,E07000047,West Devon,"29,396",9
E01020334,West Devon 005C,E07000047,West Devon,"14,800",5
E01020335,West Devon 005D,E07000047,West Devon,"18,699",6
E01020336,West Devon 005E,E07000047,West Devon,"31,237",10
E01020337,West Devon 005F,E07000047,West Devon,"10,187",4
E01020338,West Devon 005G,E07000047,West Devon,"20,748",7
E01020339,West Devon 003D,E07000047,West Devon,"13,346",5
E01020340,West Devon 004D,E07000047,West Devon,"14,731",5
E01020341,West Devon 006C,E07000047,West Devon,"21,095",7
E01020342,West Devon 006D,E07000047,West Devon,"15,876",5
E01015183,Torbay 017A,E06000027,Torbay,"11,034",4
E01015184,Torbay 017B,E06000027,Torbay,"19,257",6
E01015185,Torbay 017C,E06000027,Torbay,"11,161",4
E01015186,Torbay 017D,E06000027,Torbay,"4,667",2
E01015187,Torbay 017E,E06000027,Torbay,"20,676",7
E01015188,Torbay 017F,E06000027,Torbay,"15,849",5
E01015189,Torbay 017G,E06000027,Torbay,"9,051",3
E01015190,Torbay 013A,E06000027,Torbay,"6,640",3
E01015191,Torbay 013B,E06000027,Torbay,"17,574",6
E01015192,Torbay 013C,E06000027,Torbay,"6,574",3
E01015193,Torbay 013D,E06000027,Torbay,"8,794",3
E01015194,Torbay 013E,E06000027,Torbay,"6,414",2
E01015195,Torbay 013F,E06000027,Torbay,"8,882",3
E01015196,Torbay 013G,E06000027,Torbay,"1,075",1
E01015197,Torbay 016A,E06000027,Torbay,"27,353",9
E01015198,Torbay 016B,E06000027,Torbay,"22,217",7
E01015199,Torbay 016C,E06000027,Torbay,"26,577",9
E01015200,Torbay 016D,E06000027,Torbay,"17,927",6
E01015201,Torbay 016E,E06000027,Torbay,"18,678",6
E01015202,Torbay 012A,E06000027,Torbay,"16,987",6
E01015203,Torbay 012B,E06000027,Torbay,"21,635",7
E01015204,Torbay 012C,E06000027,Torbay,"8,386",3
E01015205,Torbay 012D,E06000027,Torbay,"14,765",5
E01015206,Torbay 012E,E06000027,Torbay,"7,695",3
E01015207,Torbay 019E,E06000027,Torbay,"15,246",5
E01015208,Torbay 019F,E06000027,Torbay,"30,108",10
E01015209,Torbay 019A,E06000027,Torbay,"9,751",3
E01015210,Torbay 019B,E06000027,Torbay,"5,885",2
E01015211,Torbay 019G,E06000027,Torbay,"22,071",7
E01015212,Torbay 019C,E06000027,Torbay,"7,587",3
E01015213,Torbay 019D,E06000027,Torbay,"12,830",4
E01015214,Torbay 006A,E06000027,Torbay,"2,457",1
E01015215,Torbay 006B,E06000027,Torbay,"13,440",5
E01015216,Torbay 006C,E06000027,Torbay,"5,665",2
E01015217,Torbay 008A,E06000027,Torbay,736,1
E01015218,Torbay 006D,E06000027,Torbay,"6,743",3
E01015219,Torbay 015A,E06000027,Torbay,"8,280",3
E01015220,Torbay 015B,E06000027,Torbay,"17,447",6
E01015221,Torbay 015C,E06000027,Torbay,"11,816",4
E01015222,Torbay 015D,E06000027,Torbay,"21,224",7
E01015223,Torbay 015E,E06000027,Torbay,"22,894",7
E01015224,Torbay 011A,E06000027,Torbay,"18,450",6
E01015225,Torbay 011B,E06000027,Torbay,"16,745",6
E01015226,Torbay 011C,E06000027,Torbay,"20,933",7
E01015227,Torbay 011D,E06000027,Torbay,"25,465",8
E01015228,Torbay 011E,E06000027,Torbay,"6,773",3
E01015229,Torbay 014A,E06000027,Torbay,"8,910",3
E01015230,Torbay 011F,E06000027,Torbay,"23,105",8
E01015231,Torbay 014B,E06000027,Torbay,198,1
E01015232,Torbay 014C,E06000027,Torbay,"2,210",1
E01015233,Torbay 014D,E06000027,Torbay,"2,532",1
E01015234,Torbay 014E,E06000027,Torbay,"6,356",2
E01015235,Torbay 014F,E06000027,Torbay,"9,148",3
E01015236,Torbay 002A,E06000027,Torbay,"11,715",4
E01015237,Torbay 002B,E06000027,Torbay,"14,857",5
E01015238,Torbay 002C,E06000027,Torbay,"10,152",4
E01015239,Torbay 002D,E06000027,Torbay,"5,045",2
E01015240,Torbay 005A,E06000027,Torbay,"6,657",3
E01015241,Torbay 005B,E06000027,Torbay,"10,261",4
E01015242,Torbay 005C,E06000027,Torbay,"6,458",2
E01015243,Torbay 005D,E06000027,Torbay,"16,900",6
E01015244,Torbay 018A,E06000027,Torbay,"17,185",6
E01015245,Torbay 018B,E06000027,Torbay,"8,262",3
E01015246,Torbay 018C,E06000027,Torbay,"19,171",6
E01015247,Torbay 018D,E06000027,Torbay,"11,651",4
E01015248,Torbay 018E,E06000027,Torbay,"5,974",2
E01015249,Torbay 003A,E06000027,Torbay,"8,114",3
E01015250,Torbay 003B,E06000027,Torbay,"19,610",6
E01015251,Torbay 003C,E06000027,Torbay,"24,494",8
E01015252,Torbay 003D,E06000027,Torbay,"14,862",5
E01015253,Torbay 003E,E06000027,Torbay,"20,560",7
E01015254,Torbay 003F,E06000027,Torbay,"19,720",7
E01015255,Torbay 008B,E06000027,Torbay,714,1
E01015256,Torbay 008C,E06000027,Torbay,590,1
E01015257,Torbay 004A,E06000027,Torbay,"1,026",1
E01015258,Torbay 004B,E06000027,Torbay,"12,137",4
E01015259,Torbay 004C,E06000027,Torbay,"6,297",2
E01015260,Torbay 004D,E06000027,Torbay,"1,360",1
E01015261,Torbay 008D,E06000027,Torbay,"2,972",1
E01015262,Torbay 001A,E06000027,Torbay,"5,643",2
E01015263,Torbay 001B,E06000027,Torbay,"1,839",1
E01015264,Torbay 001C,E06000027,Torbay,"20,458",7
E01015265,Torbay 001D,E06000027,Torbay,"10,655",4
E01015266,Torbay 001E,E06000027,Torbay,"1,442",1
E01015267,Torbay 010A,E06000027,Torbay,"1,702",1
E01015268,Torbay 010B,E06000027,Torbay,"9,868",4
E01015269,Torbay 010C,E06000027,Torbay,"12,122",4
E01015270,Torbay 010D,E06000027,Torbay,"7,146",3
E01015271,Torbay 010E,E06000027,Torbay,"25,509",8
